<?xml version='1.0' encoding='utf-8'?>
<!DOCTYPE hibernate-configuration PUBLIC
          "-//Hibernate/Hibernate Configuration DTD 3.0//EN"
          "http://www.hibernate.org/dtd/hibernate-configuration-3.0.dtd">
<hibernate-configuration>
  <session-factory>
    <property name="connection.url">jdbc:mysql://localhost/hr</property>
    <property name="connection.username">hr_user</property>
    <property name="connection.password">hr_pass</property>
    <property name="connection.driver_class">com.mysql.jdbc.Driver</property>
    <property name="dialect">org.hibernate.dialect.MySQLDialect</property>
    <property name="show_sql">false</property>
    <property name="format_sql">false</property>
    <property name="use_sql_comments">false</property>
    <property name="generate_statistics">false</property>
    <property name="hbm2ddl.auto">validate</property>
    <property name="connection.pool_size">1</property>
    <property name="current_session_context_class">thread</property>
 
    <!-- Mapping files will go here.... -->
    <mapping class="com.flx.ex07.model.Employee" />
    <mapping class="com.flx.ex07.model.Department" />
  </session-factory>
</hibernate-configuration>
