<?xml version="1.0" encoding="UTF-8" ?>
<!DOCTYPE biblioteca SYSTEM "biblio.dtd">
<!-- Un exemple de base de dades bibliogràfica -->
<biblioteca>
  <llibre isbn='978-0156837507'>
    <idioma>en</idioma>
    <titol>Solaris</titol>
    <autor>Stanislaw Lem</autor>
  </llibre>
  <llibre isbn='978-2070575923'>
    <idioma>fr</idioma>
    <titol>Le Petit Prince</titol>
    <autor>Antoine de Saint-Exupéry</autor>
  </llibre>
  <llibre isbn='978-8474103656'>
    <idioma>ca</idioma>
    <titol><![CDATA[La fi de l'eternitat]]></titol>
    <autor>Isaac Asimov</autor>
  </llibre>
  <llibre isbn='978-0441010622'>
    <idioma>en</idioma>
    <titol>Dune</titol>
    <autor>Frank Herbert</autor>
  </llibre>
  <!-- més llibres ... -->
</biblioteca>
