<?xml version="1.0" encoding="UTF-8" standalone="yes"?>
<biblioteca>
    <llibre isbn="978-0156837507">
        <idioma>en</idioma>
        <autor>Stanislaw Lem</autor>
        <titol>Solaris</titol>
    </llibre>
    <llibre isbn="978-2070575923">
        <idioma>fr</idioma>
        <autor>Antoine de Saint-Exupéry</autor>
        <titol>Le Petit Prince</titol>
    </llibre>
    <llibre isbn="978-8474103656">
        <idioma>ca</idioma>
        <autor>Isaac Asimov</autor>
        <titol>La fi de l'eternitat</titol>
    </llibre>
    <llibre isbn="978-0441010622">
        <idioma>en</idioma>
        <autor>Frank Herbert</autor>
        <titol>Dune</titol>
    </llibre>
    <llibre isbn="978-84-615-9841-0">
        <idioma>ca</idioma>
        <autor>Fèlix Galindo Allué</autor>
        <titol>Oracle SQL és fàcil!</titol>
    </llibre>
    <llibre isbn="0-13-027363-5">
        <idioma>en</idioma>
        <autor>Bruce Eckel</autor>
        <titol>Thinking in Java</titol>
    </llibre>
</biblioteca>
