<?xml version="1.0" encoding="UTF-8"?>
<!DOCTYPE hibernate-mapping PUBLIC
          "-//Hibernate/Hibernate Mapping DTD 3.0//EN"
          "http://www.hibernate.org/dtd/hibernate-mapping-3.0.dtd" >
<hibernate-mapping>
	<class name="com.flx.ex06.model.Department" table="departments">
		<id name="departmentId" column="departmentId" type="java.lang.Integer">
			<generator class="increment" />
		</id>
		<property name="departmentName" />
		<many-to-one name="manager" 
		    class="com.flx.ex06.model.Employee" 
		    column="managerId" 
		    cascade="all" 
		    not-null="true" />
		<property name="locationId" />
	</class>
</hibernate-mapping>
