<?xml version="1.0" encoding="UTF-8"?>
<!DOCTYPE hibernate-mapping PUBLIC
          "-//Hibernate/Hibernate Mapping DTD 3.0//EN"
          "http://www.hibernate.org/dtd/hibernate-mapping-3.0.dtd" >
<hibernate-mapping>
	<class name="com.flx.ex06.model.Employee" table="employees">
	    
		<id name="employeeId" column="employeeId" type="java.lang.Integer">
			<generator class="increment" />
		</id>
		<!-- Es poden especificar els tipus i mides si es desitja, de
			 la mateixa manera que restriccions com el "not null" -->
		<property name="firstname" type="java.lang.String" length="20" not-null="true" />
		<property name="lastname" />
		<property name="email" />
		<property name="phoneINT" />
		<property name="hireDate" type="java.util.Date" />
		<property name="jobId" />
		<property name="salary" />
		<property name="commissionPct" />
		
		<!-- Relació 1:N de cap de departament -->
		<many-to-one name="manager" 
		    class="com.flx.ex06.model.Employee" 
		    column="managerId" 
		    cascade="all" 
		    not-null="false" />
		
		<!-- Relació 1:N de departament -->
		<many-to-one name="department" 
		    class="com.flx.ex06.model.Department" 
		    column="departmentId" 
		    cascade="all" 
		    not-null="false" />
	</class>
</hibernate-mapping>
